Drilled depth (m),Drilling date,Well_ID,NZTM X,NZTM Y,Maximum diameter (mm),"# These data were compiled by Rupert Sutherland from Bay of Plenty and Waikato Regional Councils, Feb 2025"
3383,13/03/2009,72_3342,1878502,5726553,1300,
3192,16/05/2005,72_2563,1846926,5748087,900,
3147,7/12/2008,72_4233,1877616,5721124,1210,
3091.88,29/05/2008,72_4404,1878642,5719881,700,
3000,1/10/2005,72_2727,1870253,5716460,500,
2992,11/03/2009,72_4171,1879286,5720961,1300,
2939,,72_5690,1867060,5716708,1050,
2910,8/05/2024,72_12568,1865061.21,5721110.34,1067,
2910,17/06/2024,72_12569,1870183.78,5719984.85,1067,
2855,13/10/2021,72_11907,1870755,5717033,1067,
2818,25/04/2021,72_11905,1870760,5717023,1067,
2773,3/11/2007,72_4403,1879664,5722058,750,
2759,1/06/2020,72_10413,1877805,5721769,1302,
2709,31/03/2022,72_11912,1872047,5716893,762,
2701.43,29/11/2021,72_11904,1870749,5717040,1068,
2632,6/07/2008,72_4437,1853178,5732735,750,
2606,3/11/2007,72_4402,1879260,5720971,1000,
2586.97,22/02/1978,72_2601,1887710,5730350,,
2569,23/03/2008,72_4406,1878643,5719869,1000,
2560,29/03/2009,72_4105,1876785,5721066,1300,
2554,11/04/2008,72_4438,1856465,5732411,750,
2538.49,16/11/2023,72_12570,1867201.18,5716622.56,1066,
2514,20/03/2024,72_12567,1865080.22,5721110.36,1067,
2506.1,21/10/2007,72_6083,1865462,5720660,1050,
2418,27/09/1969,72_2581,1887901,5731421,,
2412,26/02/2007,72_3799,1853836,5734357,900,
2393.2,9/12/2019,72_11900,1874582,5684797,760,
2386.85,9/07/2011,72_5679,1868610,5716155,1050,
2346.4,28/06/2004,72_3302,1855258,5731580,900,
2342.4,17/05/2004,72_3301,1855268,5731569,900,
2340.2,7/02/2024,72_12566,1865070.21,5721110.35,1067,
2319,15/02/2008,72_4192,1870232,5712658,800,
2280,11/10/2023,72_12273,1877599.37,5721369.36,1219,
2252,24/10/2006,72_3694,1855099,5731661,325,
2236,25/03/2009,72_5677,1876734,5715350,600,
2218,31/03/2009,72_4103,1877046,5721457,1300,
2190.38,2/06/2021,72_11903,1874458,5716961,762,
2145,18/12/2003,72_3124,1855253,5731558,900,
2091.08,26/01/2022,72_11899,1874728,5715743,762,
2090,27/08/2005,72_2975,1848214,5748853,750,
2060,2/07/2005,72_3093,1848258,5748773,900,
2003,3/01/2021,72_10578,1855463,5730449,476,
2000,22/06/2008,72_4485,1855576,5734474,750,
1982,29/12/2006,72_4388,1855104,5731656,900,
1980,,72_3300,1855265,5731562,900,
1950,7/04/2008,72_4484,1856439,5732413,900,
1927,7/10/2005,72_2974,1845665,5750240,750,
1894,27/11/2011,72_11922,1874977,5715283,762,
1868.7,12/03/2008,72_4193,1870025,5716167,750,
1843.45,8/12/1970,72_2589,1888815,5730343,,
1760,10/05/2006,72_3072,1865485,5720670,315,
1720,18/05/2020,72_11906,1874713,5715728,762,
1678.7,19/07/2008,72_4185,1871484,5720795,600,
1615.64,16/11/1981,72_2024,1887344,5729472,,
1556,5/05/1970,72_2585,1888514,5731043,,
1554.5,16/06/1983,72_2608,1889281,5729991,,
1554,11/09/1981,72_2604,1887453,5731740,,
1546,30/04/1983,72_2607,1889006,5730179,,
1540.4,13/11/2003,72_3123,1855229,5731580,900,
1517.95,28/07/1978,72_2011,1889189,5730908,,
1508.8,8/11/2008,72_4190,1865979,5721309,750,
1500,18/07/1998,72_3077,1869312,5719415,315,
1494.29,18/01/2004,72_3299,1855263,5731555,900,
1483.4,11/02/2009,72_4191,1867148,5716909,600,
1402.99,24/06/1969,72_2014,1889866,5729210,,
1402.46,14/12/1980,72_2603,1887553,5732279,,
1402.2,18/01/1979,72_2020,1889111,5729789,,
1397.4,3/04/1965,72_6102,1875622,5737253,152,
1396.29,9/12/1965,72_2570,1889314,5731144,,
1374.16,10/11/1978,72_2602,1888785,5730020,,
1369.16,23/10/1968,72_2579,1888013,5731443,,
1367.9,12/03/1968,72_2576,1888313,5731243,,
1366.7,30/06/1965,72_6105,1875279,5736128,,
1360,7/08/1995,72_3078,1883922,5719429,750,
1354.5,18/05/2005,72_2869,1865528,5721216,400,
1350,29/09/1967,72_2028,1887433,5730654,,
1334,21/12/1967,72_2016,1887991,5731236,,
1320.7,6/12/2008,72_4186,1871240,5720678,600,
1286,23/03/1983,72_2606,1889183,5729630,,
1281.68,18/12/1968,72_2013,1889232,5730326,,
1269.23,17/03/1976,72_2599,1890070,5731560,,
1267.7,27/12/2008,72_4183,1871252,5720686,470,
1255.47,29/01/1971,72_2022,1888643,5729899,,
1252.16,20/10/1975,72_2598,1887913,5730843,,
1229.27,18/12/1961,72_2511,1865308,5720611,,
1225,,72_2578,1888013,5731443,,
1220.73,25/02/1958,72_2542,1867509,5720614,,
1216,27/05/1966,68_537,1872818,5715215,200,
1216,27/05/1966,72_2447,1870060,5716768,,
1214.02,15/02/1970,72_2583,1888213,5731643,,
1213.7,23/09/1965,72_6106,1875323,5739064,,
1213.1,4/09/1974,72_2019,1888530,5729488,,
1205,28/06/1964,72_2446,1870541,5714714,,
1198,1/01/1966,72_3866,1877619,5721120,,
1194,17/01/2012,72_5689,1863066,5720674,750,
1174.4,2/03/1962,72_2516,1866808,5721714,,
1162.2,3/06/1974,72_2590,1889011,5730962,,
1158,12/08/2005,72_2888,1865548,5721222,500,
1146,29/04/1965,72_6103,1876894,5738470,,
1144.63,12/12/1975,72_2597,1888599,5728897,,
1120.44,12/06/1970,72_2586,1888213,5731043,,
1119.07,21/12/1967,72_2574,1889502,5729218,,
1100,30/07/1993,60_200,1854127,5897795,245,
1096.98,14/10/1970,72_2588,1888414,5730643,,
1094,13/04/1967,72_2448,1871947,5713856,,
1091.7,26/09/2008,72_4188,1865940,5721290,750,
1091.5,3/07/2005,72_2889,1865538,5721219,500,
1086.92,8/04/1968,72_2577,1889516,5729743,,
1082.34,29/09/1967,72_2575,1887714,5729942,,
1082.04,8/12/1969,72_2582,1889817,5729143,,
1080.21,18/07/1968,72_2580,1888214,5730443,,
1077.77,12/03/1970,72_2584,1888114,5730843,,
1077.47,6/02/1963,72_2518,1864608,5720510,,
1077.44,6/11/1962,72_2515,1866610,5719112,,
1054.7,7/06/2008,72_4184,1871476,5720807,600,
1038,19/06/1967,72_2449,1870101,5715558,150,
1034,9/07/1966,72_2571,1887813,5731143,,
1022.91,18/11/1974,72_2596,1889141,5728894,,
1020,5/08/1967,72_2573,1887812,5731643,,
1018,1/06/1955,72_2522,1868710,5720615,,
1016.2,27/07/1970,72_2587,1888513,5731344,,
1014.02,9/02/1960,72_2508,1865908,5721012,,
1003.24,18/10/2005,72_3073,1870247,5716489,600,
1000,,72_3321,1874897,5715375,500,
1000,1/01/2008,72_3322,1872888,5714473,500,
997,18/04/2008,72_4194,1871019,5713638,750,
987,30/08/2008,72_4187,1865931,5721287,750,
975.3,8/08/1958,72_2559,1868510,5720514,,
961.98,3/04/1984,72_2609,1888642,5729699,,
958.54,28/09/1953,72_2472,1867810,5720514,,
942.07,10/05/1963,72_2519,1865107,5721211,,
938.7,29/06/1965,72_6132,1879951,5743747,,
929.27,1/09/1961,72_2517,1865509,5719311,,
917.38,1/03/1960,72_2509,1866109,5720012,,
916.47,1/05/1958,72_2545,1867609,5721214,,
912,14/02/1967,72_2572,1888513,5731744,,
906.71,8/06/1959,72_2506,1866110,5718911,,
878.35,8/12/1964,72_2503,1867009,5720713,,
878,30/05/2009,72_5678,1874282,5716768,330,
832.01,1/03/1955,72_2474,1867409,5720613,,
827.44,15/07/1958,72_2550,1868410,5720614,,
826.22,16/01/1960,72_2507,1865907,5721713,,
818.6,15/04/1961,72_2512,1866508,5721213,,
800.5,4/01/2009,72_3603,1870285,5712664,500,
759.87,27/04/1968,72_2017,1889589,5729703,,
732.93,15/02/1957,72_2541,1867409,5721114,,
725.61,25/03/1961,72_2537,1867409,5721014,,
717.4,6/03/2009,72_3387,1869549,5715059,315,
717.07,1/08/1956,72_2533,1868310,5720614,,
717,25/02/2009,72_5680,1869549,5715059,360,
711.71,10/05/1964,72_2494,1867309,5720813,,
710.37,1/09/1962,72_2514,1866709,5720313,,
707.01,1/04/1957,72_2543,1868010,5720514,,
700.61,8/02/1966,72_2504,1867009,5720713,,
699.4,21/05/1956,72_2530,1867209,5720513,,
697.87,15/05/1961,72_2513,1866909,5720113,,
696.96,13/06/1959,72_2535,1867409,5720914,,
682.32,1/10/1956,72_2481,1867409,5720513,,
681.71,1/12/1954,72_2475,1867609,5720714,,
681.1,30/07/1965,72_2495,1867209,5720713,,
678.97,8/11/1961,72_2477,1867409,5720814,,
675.3,10/05/1959,72_2548,1867309,5720613,,
670.43,11/04/1958,72_2546,1867709,5720714,,
667.69,28/01/1959,72_2553,1867609,5720614,,
667.07,6/09/1962,72_2492,1867309,5720513,,
665.55,1/04/1956,72_2480,1867409,5720613,,
664.64,6/07/1962,72_2540,1867509,5720513,,
660.06,1/09/1963,72_2493,1867109,5720413,,
657.01,1/06/1960,72_2552,1867609,5720614,,
653.8,17/11/1962,72_2529,1867309,5720413,,
649.88,15/04/1964,72_2498,1867509,5720714,,
649.4,29/02/1964,72_2497,1867109,5720613,,
647.26,19/10/1963,72_2491,1867209,5720313,,
647.26,13/04/1959,72_2547,1867109,5720613,,
644.5,31/03/2006,72_2942,1841064,5920696,225,
642.99,17/11/1956,72_2534,1867309,5720413,,
642.8,1/03/1956,72_2478,1867709,5720614,,
641.15,3/08/1986,72_2521,1866808,5721013,,
637.5,30/09/1958,72_2557,1868710,5720515,,
637.2,2/07/1960,72_2490,1867209,5720313,,
631.71,1/09/1959,72_2536,1867409,5720713,,
630.79,16/10/1965,72_2502,1867009,5720513,,
629.57,20/09/1965,72_2501,1867109,5720313,,
625.5,1/07/1989,60_420,1841104,5920661,100,
623.78,1/03/1961,72_2554,1867709,5720714,,
621.04,1/11/1960,72_2476,1867409,5720713,,
620.47,1/02/1958,72_2473,1867609,5721114,,
620.43,18/02/1961,72_2539,1867409,5720513,,
616.3,8/11/2008,72_4181,1867804,5721034,245,
609.76,2/09/1958,72_2558,1868610,5720515,,
605.79,3/03/1956,72_2479,1867210,5720213,,
604.27,16/07/1965,72_2531,1867409,5720413,,
600,23/05/2008,72_4401,1879267,5720976,400,
596.1,2/03/2009,72_4182,1869146,5720945,245,
589.63,4/12/1958,72_2532,1867709,5720714,,
576.22,20/10/1958,72_2556,1868710,5720415,,
548.37,22/01/2006,72_3075,1868992,5716313,315,
548.00,1/01/1981,BN24-0032,1896997,5754311,100.00,
532.00,10/10/2021,BN22-0075,1894987,5787314,,
523.78,9/07/1964,72_2551,1867509,5720513,,
521.5,13/08/2005,72_2890,1865537,5721219,500,
500,26/11/2013,72_9200,1844344,5811355,200,
493.6,25/09/1957,72_2549,1869011,5720315,,
486.59,1/08/1955,72_2523,1868910,5720415,,
481.43,5/12/1955,72_2525,1868910,5720515,,
473.2,1/08/1957,72_2544,1868810,5720615,,
458.24,,72_2526,1868910,5720415,,
455.19,31/03/1958,72_2510,1867110,5719512,,
454.85,21/07/1982,72_2605,1887349,5729457,,
444,23/06/1998,72_3076,1869312,5719415,315,
443,4/02/2006,72_3074,1869144,5716183,315,
435.9,29/11/1983,72_2025,1887008,5729133,,
430,13/09/1966,72_2467,1870513,5713057,,
427.85,26/04/1993,68_569,1887411,5732243,193,
415.9,24/08/2008,72_4111,1870027,5716167,330,
415.55,1/10/1955,72_2524,1868810,5720415,,
409.46,20/04/1956,72_2528,1868810,5720515,,
402.6,23/06/2008,72_4107,1870285,5716456,600,
401,9/07/1999,72_202,1865807,5721412,460,
400.43,29/10/1978,72_2611,1887757,5730300,,
400,25/06/1999,72_201,1865807,5721412,460,
400,,72_5561,1890796,5728469,220,
395,7/04/1967,72_2470,1869517,5714712,,
394.57,3/08/1978,72_2610,1887713,5730394,,
393.88,10/10/1985,72_2520,1866397,5731520,,
392.00,7/11/1961,RR363,1884254,5772048,100.00,
384.00,19/01/1976,RR732,1884169,5774496,75.00,
382.2,7/06/1983,61_515,1787446,5878560,382,
378,30/11/1966,72_2468,1869928,5713314,,
378,16/06/2009,72_5681,1871829,5713978,240,
376.6,28/07/2008,72_3903,1871317,5715674,240,
372,14/05/2009,72_4531,1878062,5728837,320,
367.3,16/11/1983,72_2613,1888899,5732723,,
358.44,15/06/1976,72_2600,1888064,5731500,,
356,1/01/1983,64_454,1849281,5811044,150,
355,23/10/2009,72_4540,1877906,5730431,320,
353.96,1/09/1956,72_2527,1868910,5720415,,
352,5/03/1992,64_593,1849286,5814185,100,
348.48,1/10/1956,72_2505,1866610,5719812,,
345,21/02/2009,72_5676,1869627,5715676,600,
341,17/10/2009,72_4535,1876910,5728836,320,
329.00,1/01/1978,BN-1001102,1897048,5754324,80.00,
328,28/09/2009,72_4532,1877583,5729830,320,
323.40,,RR1006,1884166,5774498,75.00,
323,1/01/1966,63_261,1820866,5871721,100,
314,30/10/2009,72_4541,1877906,5730431,320,
313.9,,64_758,1848980,5811844,314,
309.10,,RR689,1883897,5771481,75.00,
304.80,1/02/1979,RR784A,1885743,5771121,150.00,
304.00,13/01/1981,RR821,1883358,5770645,,
300,31/12/1899,72_3101,1841093,5920646,100,
300,7/11/2009,72_4542,1877906,5730431,320,
298.78,13/05/1962,72_2538,1868010,5720714,,
298.70,1/01/1979,RR809,1886651,5772702,,
296,22/06/1982,64_502,1838618,5846444,75,
292.92,,RR839,1885473,5772045,125.00,
278.1,22/01/2009,72_4106,1869833,5714979,315,
276,15/08/2003,72_1653,1849284,5811032,150,
274,,64_507,1844278,5811337,150,
271,28/10/1966,72_2469,1869602,5712571,,
266.2,24/09/2008,72_4104,1871019,5713638,330,
256.00,,RR777,1883802,5771435,,
248.48,6/11/1964,72_2555,1867609,5720714,,
248.00,5/03/1957,RR220,1885377,5774516,100.00,
245.00,1/02/1979,RR774,1886054,5771193,100.00,
245.00,,RR780,1885958,5771883,100.00,
244.80,4/02/1983,RR889,1886040,5773060,100.00,
241.00,28/11/2002,RR1057,1886037,5773039,250.00,
240,7/10/2009,72_4534,1877413,5727965,320,
237.7,31/12/1899,68_78,1869582,5712002,180,
237,20/06/2003,72_1396,1847123,5920177,100,
227.10,4/04/1977,RR763,1883750,5771412,100.00,
225,1/06/2010,72_5130,1869571,5712002,150,
225,22/09/2011,72_5583,1869379,5714419,100,
225,22/09/2011,72_5584,1869373,5714404,100,
224.50,,RR1028,1885481,5773739,100.00,
223.00,20/11/2024,BN24-0151,1884298,5774459,100.00,
219.50,1/04/1980,RR831,1886528,5772645,,
213.71,25/04/1977,RR757,1884389,5772419,100.00,
213.70,15/12/1980,RR501,1885468,5771721,150.00,
212.00,28/01/2022,BN21-0209,1884262,5774495,100.00,
211.00,1/09/1977,RR776,1885669,5771214,,
210.90,21/07/1982,RR864,1885638,5771187,125.00,
210,19/08/1997,72_1617,1850303,5915171,100,
210,9/06/2009,72_5682,1872239,5710271,150,
210.00,5/11/1981,RR849,1885366,5771642,100.00,
209.70,1/05/1963,RR468,1885458,5773711,100.00,
208.80,,RR686,1886400,5772574,76.00,
207.30,,RR703,1886422,5772572,75.00,
206,3/04/1980,68_540,1870119,5712511,226,
204.20,1/01/1960,RR384,1883589,5771469,75.00,
203.6,30/05/2008,72_4400,1879267,5720976,300,
201.63,19/03/2009,72_6624,1804649,5892919,104,
201.17,1/03/1974,RR681,1884221,5774431,100.00,
201.00,,BN24-0077,1899207,5784030,100.00,
200,15/08/1979,68_538,1870119,5712511,,
200,1/10/2008,72_3981,1870706,5711537,150,
200.00,31/12/2009,RR11542,1885289,5769554,150.00,
199.7,15/08/1979,68_857,1869819,5712210,,
198.70,12/11/1974,RR711,1885769,5772418,75.00,
198.00,1/10/1972,RR4484,1899366,5783904,,
198.00,1/10/1972,BN-4484,1899366,5783904,,
195.00,30/05/2020,BN20-0135,1884310,5774460,100.00,
195.00,,RR619,1884124,5774811,50.80,
192.60,,BN20-0096,1884954,5774143,100.00,
187.90,1/01/1972,BN21-0218,1886900,5772690,80.00,
187.00,,RR1045,1884485,5773967,100.00,
186.00,10/11/2005,RR1000013,1885322,5771953,100.00,
185.90,,BN20-0074,1884928,5774171,100.00,
183,1/11/1996,68_865,1874296,5736932,100,
183,,72_2190,1825584,5846414,,
182.88,1/12/1986,68_75,1869819,5712210,200,
182.58,,RR683,1884912,5773733,100.00,
181.00,,BN20-0056,1884880,5774071,50.00,
180,,72_10215,1866012,5736431,150,
180,20/08/2008,72_4407,1872908,5725522,400,
178.00,1/09/2001,RR10164,1885379,5773733,100.00,
177.40,16/08/1967,RR586,1885038,5773606,100.00,
176.80,,RR615,1885027,5773280,75.00,
176.70,,RR822/3,1884535,5772992,,
176.00,3/09/2008,RR10655,1885489,5773711,100.00,
175.30,18/11/1974,RR684,1884777,5772952,75.00,
174.60,30/05/1975,RR721,1884667,5774361,150.00,
174.3,11/04/1994,67_309,1836702,5793017,125,
173.70,1/01/1951,RR338,1885789,5771380,62.50,
173.70,1/01/1969,RR601A,1884428,5773972,75.00,
171.65,1/07/1951,72_2471,1868510,5720514,,
170.70,7/09/1963,RR484,1885071,5774066,100.00,
169.00,24/03/2024,BN23-0110,1885256,5772655,175.00,
169.00,18/02/2024,BN23-0113,1885286,5772640,100.00,
168,1/03/1997,66_78,1868682,5746132,100,
168.00,,RR595,1885351,5771346,,
167.60,1/11/1963,RR486,1884436,5773022,75.00,
165.80,1/11/1964,RR502,1884704,5773768,100.00,
164.60,,RR331,1885115,5773952,100.00,
164.60,21/06/1957,RR361,1885401,5773673,87.50,
164.50,25/07/1979,RR817,1885516,5773682,100.00,
162.90,,BN19-0052,1885482,5772476,,
162.86,31/08/1976,RR745,1884896,5771955,100.00,
162.00,,RR1047,1884519,5773459,100.00,
160,,72_8071,1831669,5769899,100,
158.50,28/01/1975,RR710,1885634,5771628,75.00,
158.00,,RR1071,1884398,5774002,,
157.00,10/08/2020,BN19-0150,1885035,5773351,100.00,
156.40,27/06/1979,RR818,1885242,5773395,100.00,
156.10,21/05/1975,RR724,1884282,5770931,100.00,
155.40,28/05/1962,RR420,1885246,5773630,75.00,
155.25,,RR878,1885506,5774398,125.00,
155,6/12/2005,72_2892,1884414,5727536,150,
155.00,,RR10171,1884450,5774509,100.00,
155.00,27/03/2002,RR1054,1884307,5774494,100.00,
153.96,30/06/1977,RR769,1885876,5772630,100.00,
153.50,,BN20-0075,1884645,5773266,100.00,
152.7,6/12/1980,72_2030,1886918,5731516,,
152.7,6/12/1980,72_2612,1886943,5731582,,
152.7,7/10/2008,72_4108,1870749,5711950,320,
152.40,31/05/1961,RR162,1884870,5773950,152.00,
152.40,14/08/1958,RR364,1884982,5773629,100.00,
152.40,,RR601,1883843,5776042,76.20,
152.00,,RR772,1885089,5773273,100.00,
151.00,20/05/2021,BN21-0044,1885051,5772034,200.00,
150,1/01/1986,68_350,1870199,5712205,,
150.00,14/09/2016,BN17-0024,1884784,5772594,100.00,
150.00,20/03/2017,BN20-0131,1884572,5772477,100.00,
150.00,2/03/2021,BN21-0043,1885083,5772029,200.00,
150.00,20/04/2016,BN21-0050,1884853,5774101,100.00,
150.00,17/08/2021,BN21-0124,1884866,5774826,100.00,
150.00,23/05/2016,RR12179,1884883,5773103,150.00,
150.00,20/05/2016,RR12182,1884791,5772572,100.00,
149.30,18/01/1960,RR279,1884157,5772487,75.00,
149.00,,RR1001,1883806,5771794,125.00,
149.00,1/05/1981,RR843,1885132,5771757,100.00,
149.00,1/04/1981,RR844,1884706,5772819,100.00,
148.83,,RR860,1884579,5773323,100.00,
148.70,20/10/1952,RR219,1884546,5774044,100.00,
147.50,,RR901,1884950,5771231,100.00,
147.30,6/03/1980,RR823,1885061,5772403,100.00,
147.30,3/03/1980,RR827,1885399,5773713,100.00,
147.00,,RR1033,1885258,5772665,100.00,
146.90,5/09/1964,RR520,1885373,5773466,100.00,
146.50,24/10/1985,RR913,1884357,5774372,100.00,
146.40,1/12/1975,RR733,1884652,5773753,100.00,
146,,72_10217,1866277,5734896,150,
146.00,21/03/1959,RR405,1885002,5773637,100.00,
145.48,,RR735,1884493,5772021,100.00,
145.00,12/08/2016,RR12183,1884389,5774355,100.00,
145.00,1/05/1978,RR784,1884434,5773711,150.00,
145.00,1/01/1978,RR799,1884820,5772561,150.00,
144,31/10/2005,72_2830,1850903,5915691,100,
144.00,,RR1008,1884526,5774546,,
144.00,22/02/1996,RR1034,1884240,5772270,100.00,
144.00,,RR832,1885444,5773792,125.00,
144.00,,RR832,1885444,5773792,125.00,
144.00,,RR947,1884544,5774526,100.00,
143.90,1/01/1979,RR800,1884277,5772274,,
143.34,4/11/1981,RR854,1884550,5773472,100.00,
143.00,24/08/2001,RR10159,1885059,5773672,100.00,
143.00,28/08/2001,RR1050,1885001,5773352,100.00,
143.00,1/04/1980,RR822,1884490,5773015,100.00,
141.70,,RR521,1885393,5774524,100.00,
141.50,29/05/2019,BN19-0090,1885534,5774433,100.00,
141.20,1/04/1977,RR758,1885009,5773382,100.00,
141.20,,RR866,1885131,5773367,100.00,
141,30/07/2010,72_5126,1891699,5746459,,
140.80,,RR693,1884468,5772327,100.00,
140.80,15/11/1976,RR753,1885377,5774649,75.00,
140.60,22/09/1981,RR852,1884692,5772873,150.00,
140.50,,BN20-0070,1883814,5771846,100.00,
140.50,1/06/2001,RR10163,1883804,5771868,100.00,
140.20,6/07/1961,RR366,1885261,5773559,75.00,
140.20,,RR845,1884990,5772385,100.00,
140,6/08/2003,72_2223,1821452,5871780,100,
140,20/11/2017,72_8844,1868904,5711804,165,
140.00,28/04/2019,BN19-0089,1885534,5774392,100.00,
140.00,5/09/2021,BN21-0139,1885489,5774399,100.00,
140.00,24/09/2021,BN21-0140,1885518,5774420,100.00,
140.00,30/09/2021,BN21-0141,1885518,5774435,100.00,
140.00,29/02/2008,RR10648,1884646,5773187,100.00,
140.00,31/10/1979,RR815,1884364,5772332,100.00,
139.18,14/11/2024,BN24-0097,1885540,5773928,100.00,
138.76,1/09/1976,RR748,1884748,5772362,80.00,
138.70,14/06/1962,RR425,1884619,5773081,100.00,
138.70,20/08/1975,RR699,1884996,5773172,100.00,
138.10,,RR564,1884255,5772028,100.00,
138.00,2/07/2003,RR10180,1885092,5773119,100.00,
137.50,25/12/1980,RR842,1885265,5773547,100.00,
137,1/11/1996,68_862,1873289,5711347,100,
137.00,,BN20-0106,1884482,5772969,,
137.00,,RR1024,1885057,5773281,100.00,
136.63,9/09/1982,RR875,1884528,5774002,98.00,
136.50,,RR1031,1883907,5771799,100.00,
136.00,26/07/2005,BN20-0076,1884574,5773267,87.00,
136.00,1/03/1974,RR680,1885489,5774510,100.00,
136.00,6/10/1977,RR773,1884575,5772299,100.00,
134.70,1/09/1987,BN20-0077,1884708,5772457,100.00,
134.20,,RR738,1884640,5772541,100.00,
134.10,3/07/1962,RR280,1885671,5771361,75.00,
134.10,28/03/1962,RR452,1884610,5774620,100.00,
134.00,20/10/1982,RR881,1884951,5772879,100.00,
134.00,25/11/1983,RR883,1884800,5773370,100.00,
133.50,17/12/1990,BN20-0062,1885490,5774485,,
133.50,1/09/1978,RR732A,1886383,5771482,100.00,
133.50,1/11/1983,RR876,1884496,5772439,100.00,
133.20,1/02/1965,RR528,1885480,5773193,100.00,
133.20,24/10/1974,RR696,1884385,5772131,100.00,
133,1/01/1993,68_792,1868511,5719214,150,
133.00,16/03/2012,RR11557,1883878,5771845,100.00,
132.97,,RR847,1884417,5772012,100.00,
132.90,21/10/1958,RR359,1885399,5773811,100.00,
132.90,7/07/1965,RR547A,1884260,5772025,100.00,
132.00,22/12/2016,RR12187,1885030,5773208,,
132.00,1/12/1964,RR532,1884667,5774611,100.00,
132.00,1/05/1982,RR858,1885489,5774470,100.00,
132.00,,BN24-0078,1899215,5784018,,
131.75,10/06/1981,RR846,1884467,5773929,100.00,
131.14,17/03/1982,RR856,1883820,5771849,100.00,
131.00,10/04/2021,BN21-0017,1883990,5772074,100.00,
131.00,19/07/2002,BN-4550,1883898,5771932,100.00,
131.00,,RR343,1884470,5773962,75.00,
130.20,,RR775,1884707,5772457,100.00,
130.20,29/05/1978,RR785,1884080,5772143,100.00,
130.20,7/12/1981,RR855,1884619,5773051,100.00,
130.04,10/08/2023,72_11923,1869537,5711635,100,
130.00,,RR1035,1884679,5773392,50.00,
130.00,1/10/2013,RR12155,1884974,5774344,100.00,
130.00,12/02/1973,RR653,1884030,5772050,100.00,
129.93,21/06/1976,RR741,1884749,5773392,100.00,
129.80,14/11/1962,RR444,1884248,5772286,75.00,
129.60,1/08/1967,RR587,1885259,5772111,100.00,
129.50,,RR682,1884665,5772571,100.00,
129.00,12/03/2010,RR11539,1884608,5772566,100.00,
128.00,19/10/2024,BN24-0102,1885723,5774228,100.00,
128.00,,RR1056,1883890,5771933,100.00,
128.00,1/08/1970,RR610,1884553,5772141,152.40,
128.00,1/08/1970,RR903,1884553,5772141,100.00,
127.50,10/04/2001,RR1048,1884568,5773889,100.00,
127.50,1/08/1976,RR746,1884361,5771903,100.00,
127.00,1/05/2019,BN19-0083,1884735,5772920,100.00,
126.80,,RR755,1883966,5771963,100.00,
126.00,,BN20-0098,1885164,5774386,100.00,
126.00,19/10/2001,RR1053,1885280,5773500,100.00,
126.00,14/10/1980,RR836,1884275,5774949,100.00,
125.60,1/12/1964,RR530,1884201,5772334,100.00,
125.60,1/02/1985,RR906,1885076,5772734,100.00,
125.05,1/07/1975,RR726,1885296,5773261,100.00,
125.05,19/02/1979,RR804,1885341,5773414,150.00,
125.05,,RR872,1885092,5773031,100.00,
125,30/05/2019,72_10280,1877490,5761410,100,
125.00,17/03/2008,RR10649,1885302,5774370,100.00,
125.00,1/02/1975,RR717,1885258,5772219,100.00,
124.90,1/02/1984,RR900,1884965,5773230,100.00,
124.40,,RR873,1884584,5772543,98.00,
124.30,1/02/1980,RR826,1884540,5773196,100.00,
124,27/02/2015,72_7910,1866363,5748406,100,
124.00,10/03/1987,BN21-0091,1885440,5773780,100.00,
123.50,21/03/1978,RR782,1884677,5772419,,
123.40,1/03/1964,RR463,1884896,5773843,100.00,
123.40,27/10/1975,RR712,1883984,5771798,100.00,
123.10,1/09/1964,RR508,1884913,5773960,75.00,
123,29/06/2015,72_9231,1845199,5745106,100,
123.00,21/03/2004,BN20-0078,1884743,5772494,100.00,
123.00,,RR1069,1885078,5772791,,
123.00,16/02/2010,RR11537,1885298,5774263,100.00,
122.50,14/10/1960,RR255,1884831,5772856,75.00,
122.50,,RR795,1884355,5775133,100.00,
122.40,7/06/2024,BN24-0043,1885295,5774377,100.00,
122.00,10/03/2014,RR12160,1885030,5773201,100.00,
122.00,2/06/1976,RR744,1884791,5772976,100.00,
121.92,31/12/1899,68_233,1868627,5711964,75,
121.92,31/12/1899,68_341,1868819,5711909,100,
121.92,31/12/1899,68_851,1868819,5711909,100,
121.92,1/05/1976,RR740,1885082,5772737,100.00,
121.90,,RR312,1884575,5774427,62.50,
121.90,1/09/1964,RR509,1885293,5774271,100.00,
121.90,1/10/1964,RR527,1885452,5771371,100.00,
121.90,1/10/1964,RR527,1885452,5771371,100.00,
121.90,20/12/1974,RR715,1885421,5772319,100.00,
121.80,1/09/2008,RR10654,1885679,5774110,100.00,
121.20,20/09/1984,RR905,1884681,5772427,100.00,
121.00,,BN21-0057,1885078,5772866,,
121.00,28/06/1974,RR697,1884628,5772282,125.00,
120.7,10/02/2019,72_10663,1785243,5879909,100,
120.70,,RR489,1884718,5773388,75.00,
120.70,25/06/1974,RR691,1884560,5772770,75.00,
120.40,12/06/1958,RR270,1884254,5771992,100.00,
120.40,1/02/1974,RR679,1885356,5773435,100.00,
120,,72_3043,1869410,5714382,300,
120,,72_3044,1869299,5714478,205,
120,18/01/2008,72_5038,1827816,5844924,100,
120.00,,BN19-0139,1894964,5781604,100.00,
120.00,,BN20-0079,1885207,5772539,100.00,
120.00,,RR1042,1885743,5774242,100.00,
120.00,26/10/2012,RR12152,1885679,5774104,100.00,
119.50,5/03/2013,RR12154,1884928,5774171,100.00,
119.50,,RR483,1885169,5772613,75.00,
118.90,,BN20-0095,1885060,5772912,100.00,
118.90,18/10/1976,RR750,1885010,5772601,100.00,
118.90,4/02/1981,RR841,1885007,5772679,100.00,
118.80,9/05/1955,RR358,1885347,5773793,100.00,
118.30,,RR871,1884826,5773129,100.00,
118.20,22/11/2023,BN23-0079,1885066,5772900,114.00,
118.00,21/12/2016,BN19-0156,1885565,5773925,100.00,
118.00,,RR1004,1885392,5773975,150.00,
118.00,26/08/1981,RR851,1884912,5772699,100.00,
117.70,1/09/1962,RR458,1884048,5771976,100.00,
117.65,27/09/1976,RR751,1884584,5772690,100.00,
116.80,,RR893,1884986,5772132,100.00,
116.70,,RR123,1885193,5773453,76.20,
116.40,4/07/1979,RR814,1884859,5772577,100.00,
116.20,1/05/1979,RR816,1884922,5772557,100.00,
116,,72_2192,1846310,5795578,,
116.00,15/12/1992,RR1019,1885419,5773783,125.00,
116.00,,RR1038,1883996,5775032,,
116.00,,RR692,1884834,5773255,100.00,
116.00,26/05/1982,RR859,1885076,5772674,100.00,
115.80,31/03/1983,RR891,1884491,5771912,100.00,
115.25,16/08/1984,RR902,1885035,5771913,100.00,
115,16/03/1980,68_344,1869418,5712810,,
115.00,27/03/2017,BN19-0111,1884646,5773182,100.00,
115.00,21/09/2020,BN21-0049,1885673,5774163,100.00,
115.00,,RR1011,1885723,5774078,100.00,
114.60,1/03/1965,RR543,1885229,5774071,100.00,
114.60,10/07/1965,RR546,1885363,5773790,100.00,
114.50,,RR848,1883961,5771253,152.00,
114.36,,RR863,1885386,5773786,125.00,
114.36,,RR890,1884932,5772847,100.00,
114.30,,BN20-0092,1884795,5772722,,
114.30,3/03/1953,RR271,1884023,5771535,62.50,
114.30,,RR701,1884644,5773862,100.00,
114.30,,RR768,1884251,5775215,150.00,
114,21/06/2011,72_5428,1869131,5714966,200,
114.00,29/09/2024,BN24-0115,1885657,5774209,100.00,
114.00,,RR1015,1885086,5772902,,
114.00,,RR583,1885271,5773956,100.00,
113.50,30/05/1980,RR829,1884703,5773195,100.00,
113.10,1/09/1964,RR524,1883912,5771614,100.00,
113,3/07/2009,72_5317,1891476,5729491,100,
113.00,1/06/2004,RR1072,1885459,5773783,100.00,
112.50,20/11/2012,RR12153,1885068,5772907,100.00,
112.50,6/03/1978,RR781,1884590,5773119,100.00,
112.23,,RR885,1885289,5774270,100.00,
112.1,9/03/1984,63_7,1816265,5871412,50,
112.00,31/08/2017,BN18-0001,1884748,5773380,100.00,
112.00,20/03/2024,BN23-0109,1884269,5774942,75.00,
112.00,20/03/2024,BN23-0109,1884269,5774942,75.00,
112.00,20/03/2024,BN23-0109,1884269,5774942,75.00,
112.00,4/05/2012,RR11559,1883812,5771849,100.00,
111.90,17/02/1961,RR244,1884823,5772572,75.00,
111.60,17/10/1977,RR765,1884291,5770937,,
111.00,22/01/2004,RR10442,1885458,5774273,6.00,
111.00,8/02/2005,RR10633,1885210,5772562,80.00,
110.90,1/01/1964,RR500,1885666,5774101,100.00,
110.33,1/03/1976,RR736,1884342,5772197,100.00,
110,26/01/1996,64_512,1840042,5841155,100,
110,1/08/2010,72_5148,1869520,5711409,100,
110.00,,BN19-0140,1895358,5781425,100.00,
109.70,15/04/1961,RR388,1884179,5775157,75.00,
109.70,1/03/1970,RR699A,1885699,5771148,100.00,
109.70,,RR754,1884930,5773206,100.00,
109.70,,RR87,1884861,5772441,100.00,
109.10,1/05/1974,RR687,1884821,5773059,100.00,
109.00,18/06/1959,RR228,1885385,5773479,75.00,
108.80,23/09/1957,RR362,1885497,5773718,75.00,
108.80,3/12/1959,RR367,1885295,5773208,75.00,
108.27,,RR861,1884827,5773820,100.00,
108.20,1/07/1974,RR694,1885050,5772164,100.00,
108.00,,BN20-0072,1884748,5772854,100.00,
108.00,10/09/2015,RR12172,1884536,5774523,150.00,
107.60,7/02/1976,RR756,1884031,5771620,100.00,
107.00,,BN20-0073,1884732,5772856,100.00,
107.00,,RR1025,1884568,5773892,100.00,
107.00,31/07/1994,RR2121,1884558,5773872,100.00,
107.00,31/07/1994,RR2121,1884558,5773872,100.00,
107.00,,RR688,1885110,5773122,74.00,
107.00,7/09/1982,RR887,1885580,5773810,125.00,
106.70,23/06/1972,BN18-0082,1884838,5772809,100.00,
106.70,1/05/1976,RR739,1885155,5774145,100.00,
106.68,31/12/1899,68_164,1869219,5712410,100,
106.60,1/01/1956,RR272,1884243,5771533,100.00,
106.00,1/10/2000,RR1067,1885539,5773920,100.00,
106.00,24/05/2014,RR12162,1885312,5774415,100.00,
105.50,,RR1021,1885601,5773823,125.00,
105.20,1/07/1962,RR434,1884419,5774147,75.00,
105,1/01/1986,64_276,1840022,5841202,100,
105.00,12/06/2015,RR12168,1884527,5774551,150.00,
104.92,1/06/1976,RR737,1884237,5772108,100.00,
104.90,,RR641,1884418,5772022,100.00,
104.90,15/04/1975,RR719,1884624,5773495,100.00,
104.80,1/02/1982,RR865,1884965,5773127,100.00,
104.20,24/09/1959,RR247,1884643,5772846,75.00,
104.00,14/08/1985,RR910,1885015,5771978,100.00,
103.60,,BN-4610,1895556,5781393,150.00,
103.20,7/11/1957,RR339,1883972,5771242,150.00,
103,1/01/2011,72_5331,1870421,5711310,150,
103.00,,BN20-0066,1885123,5773187,75.00,
103.00,11/11/2022,BN22-0116,1884199,5774849,100.00,
102.70,20/02/1962,RR450,1885003,5771268,87.50,
102.70,1/10/1981,RR853,1884693,5772872,100.00,
102.17,11/05/1978,RR788,1885188,5772427,100.00,
102.00,14/05/2019,BN21-0219,1884640,5774387,150.00,
102.00,,RR1036,1884949,5773082,100.00,
102.00,,RR778,1883875,5771093,150.00,
101.87,,RR896,1884934,5771864,100.00,
101.00,25/09/2012,RR12151,1884761,5774922,100.00,
101.00,21/11/1961,RR232,1884866,5773945,100.00,
100.60,,BN20-0046,1884235,5774857,,
100.60,26/01/1962,RR453,1885271,5774055,75.00,
100.60,1/06/1964,RR506,1884872,5773945,100.00,
100.58,31/12/1899,68_361,1869020,5711209,101,
100,1/01/1980,68_394,1869418,5713010,,
100,1/01/1915,72_1641,1834635,5845420,50,
100.00,1/06/1998,RR1043,1885679,5774091,100.00,
100.00,11/04/2011,RR665,1885069,5773712,100.00,
98.70,29/07/1965,RR549,1885399,5774472,100.00,
98,1/04/1996,68_380,1876603,5732231,100,
97.53,31/12/1899,68_556,1868718,5712309,100,
97.50,12/08/1959,RR249,1884841,5773069,75.00,
97,19/10/1995,68_522,1869219,5712310,100,
97.00,30/11/2013,RR12158,1885706,5774063,100.00,
96.74,1/09/1984,RR897,1884945,5772009,100.00,
96.60,15/09/1959,RR311,1884999,5774795,75.00,
95.5,1/08/1998,68_945,1869219,5711609,100,
95,11/06/1980,68_271,1868619,5711308,,
94.80,,RR716,1885301,5774350,100.00,
94.66,1/09/1976,RR749,1885570,5773813,125.00,
94.10,2/10/1961,RR370,1885033,5771785,75.00,
94.05,2/04/1979,RR801,1885008,5772868,100.00,
94.00,,BN20-0067,1885094,5773178,100.00,
94.00,21/09/2022,BN22-0117,1885278,5773950,100.00,
94.00,21/07/2009,RR11531,1884203,5774920,100.00,
93.80,31/05/1955,RR277,1884034,5771620,62.50,
93.30,,RR258,1884615,5772973,62.50,
93.30,1/10/1963,RR515,1885305,5773927,100.00,
93.30,1/11/1982,RR870,1884810,5772368,100.00,
93.27,1/01/1968,RR553,1885047,5774295,100.00,
92.90,8/10/1958,RR257,1885069,5772337,100.00,
92.66,12/07/1978,RR791,1884667,5774381,150.00,
92.3,,72_2186,1824866,5872228,,
92,1/01/1982,68_804,1869120,5711209,100,
91.70,2/12/1963,RR482,1885059,5771799,75.00,
91.50,3/11/1979,RR820,1885245,5774243,100.00,
91.44,11/03/1983,68_719,1869419,5712210,91,
91.44,31/12/1899,68_745,1868920,5711209,100,
91.40,,BN20-0045,1884209,5774855,75.00,
91.40,20/09/1961,RR360,1885404,5773788,100.00,
91.00,10/03/2017,RR12185,1894905,5781655,100.00,
91.00,19/12/1960,RR223,1885399,5774483,100.00,
90.20,17/05/1960,RR128,1885536,5773816,76.20,
90.20,15/06/1983,RR894,1884686,5772078,100.00,
90,31/12/1899,68_615,1868918,5712510,100,
90,1/07/2011,72_10430,1869567,5711700,150,
90,,72_7684,1868798,5711478,77,
90.00,,RR699R,1885005,5773171,,
90.00,15/11/1982,RR874,1884336,5774895,100.00,
90.00,1/07/2014,BN-12176,1911152,5782347,100.00,
89.90,8/05/1979,RR812,1885046,5774314,100.00,
89.60,23/08/1974,RR698,1884994,5772466,100.00,
89.60,1/06/1978,RR786,1884998,5771860,100.00,
89.30,6/04/1968,RR547,1884697,5772822,,
89.00,6/12/2002,BN20-0107,1884635,5773959,100.00,
89.00,21/09/2022,BN22-0121,1884907,5774499,100.00,
89.00,,RR702,1883921,5771184,75.00,
88.40,18/06/1953,RR375,1885695,5771115,100.00,
88.40,4/03/1963,RR461,1885106,5774159,100.00,
88.10,,RR336,1884827,5772349,100.00,
88,1/04/1994,68_633,1868820,5710908,100,
88,30/08/2002,72_2135,1893798,5751053,150,
87.80,2/08/1957,RR389,1885014,5773908,75.00,
87.80,,RR464,1885229,5773919,75.00,
87.80,8/02/1982,RR850,1884703,5774071,100.00,
87.50,1/10/1944,RR53,1885544,5773783,76.20,
86.58,,RR1017,1885285,5773960,,
86.50,,RR314,1884591,5774357,87.50,
86.00,19/02/1979,RR802,1884508,5775151,100.00,
85.40,23/07/1979,RR810,1884841,5771867,75.00,
85.08,21/03/1983,RR888,1884876,5772979,100.00,
85,1/12/1992,68_109,1868819,5711909,80,
85,18/04/1989,68_189,1869519,5712110,200,
85,1/02/1975,68_803,1869020,5711309,100,
85,5/06/2008,72_4405,1878333,5722282,145,
84.70,12/02/1961,RR346,1885049,5774160,75.00,
84.00,31/08/2007,RR10645,1884858,5774323,100.00,
84.00,1/09/2007,RR10647,1884908,5774373,100.00,
84.00,19/05/2000,TI3685,1894692,5781666,100.00,
83.82,12/07/1978,RR790,1884677,5774368,150.00,
83.82,7/11/1978,RR793,1884671,5774376,150.00,
83.80,15/08/1978,RR792,1884667,5774399,150.00,
83.52,2/12/1974,RR714,1884659,5774196,100.00,
83.20,4/08/1955,RR155,1885025,5773839,152.00,
82.90,10/04/1965,RR542,1885300,5773788,150.00,
82.90,10/04/1965,RR542,1885300,5773788,150.00,
82.44,1/02/1977,RR761,1884776,5773006,100.00,
82.30,,RR32,1884226,5774855,63.50,
82.30,1/10/1944,RR55,1885566,5773944,50.80,
82.30,,RR899,1884769,5772566,100.00,
82.29,1/01/1986,68_181,1869320,5711209,175,
81.70,,RR259,1884675,5772982,75.00,
81.30,9/11/1961,RR313,1884533,5774349,75.00,
81.30,9/11/1961,RR313,1884533,5774349,75.00,
80.77,31/12/1899,68_614,1869020,5711309,81,
80,1/11/1996,68_861,1874125,5709613,100,
80,,72_2094,1807048,5879597,100,
79.90,,RR347,1885106,5774173,100.00,
79.24,9/03/1973,RR655,1884990,5772561,100.00,
79.20,31/07/1959,RR217,1884953,5774492,152.00,
79.00,27/06/2018,BN18-0073,1885780,5774260,100.00,
79.00,,RR1022,1885269,5773951,100.00,
79.00,9/06/1992,RR2598,1884057,5774271,100.00,
78.7,17/04/2016,72_9189,1839184,5684016,100,
78,26/08/1998,68_951,1868799,5712009,100,
78,28/10/1983,72_2614,1887008,5729133,,
78.00,30/07/2009,RR11532,1885098,5774083,100.00,
78.00,1/07/1974,RR695,1884679,5774105,100.00,
76.80,,TI4184,1894455,5781391,,
76.50,10/09/1974,RR700,1884314,5774898,100.00,
76.25,,BN20-0090,1884952,5774377,100.00,
76.2,31/12/1899,68_259,1869018,5712610,100,
76.20,,BN20-0061,1885483,5772512,150.00,
76.20,1/07/1967,RR584,1885239,5773728,100.00,
75.50,23/09/2003,BN18-0019,1884373,5775334,100.00,
75.00,20/06/2009,RR10659,1884583,5774489,100.00,
75.00,,RR85,1884825,5772354,200.00,
74.00,,BN21-0058,1884896,5774375,,
74.00,1/08/2001,RR10167,1885058,5774423,100.00,
74.00,1/11/1980,RR833,1884770,5772565,100.00,
74.00,,RR879,1885236,5774415,98.00,
73.50,,RR789,1884640,5774390,150.00,
73.10,1/02/1956,RR248,1884979,5772171,100.00,
73,5/04/1994,66_50,1876971,5760052,100,
73,1/02/1996,68_670,1869318,5712710,100,
73,1/07/2002,72_1308,1868919,5712109,,
73,,72_6730,1869611,5713498,,
73.00,27/05/2023,BN23-0023,1885734,5774249,150.00,
72.50,15/03/1980,RR824,1884714,5774049,100.00,
72.23,31/12/1899,68_254,1869419,5712710,75,
72,12/09/2001,72_1313,1776434,5826435,100,
72,,72_2041,1870587,5711447,100,
72.00,,BN20-0103,1884840,5773728,100.00,
71.9,31/12/1899,68_68,1868852,5712401,75,
71.60,27/06/1958,RR160,1885067,5773957,200.00,
71.2,,72_3340,1870264,5712641,150,
71.20,,RR723,1884776,5774083,100.00,
71,1/02/1976,68_389,1869090,5710982,75,
70.1,1/12/1986,68_722,1868919,5711609,100,
70.10,1/01/1961,RR403,1885650,5774372,100.00,
70.10,18/03/1957,RR409,1885172,5772801,75.00,
70.10,,RR439,1884715,5773842,75.00,
70,,68_123,1869700,5713640,27,
70,31/12/1899,68_22,1868873,5711137,100,
70,1/07/2010,72_5131,1869613,5712007,150,
69.8,1/01/1936,72_2227,1839971,5841342,75,
69.20,1/11/1966,RR575,1884935,5771802,75.00,
69.00,,RR1029,1884909,5774542,150.00,
68.50,25/10/2001,RR10178,1884629,5774216,100.00,
68.30,,RR837,1884806,5774287,100.00,
68.00,2/03/2011,RR1000014,1884334,5775270,100.00,
68.00,6/08/2008,RR10653,1884791,5774081,100.00,
68.00,18/02/2009,RR10657,1884877,5774833,100.00,
68.00,1/12/2011,RR11556,1885277,5773823,100.00,
67.1,1/05/1995,65_122,1759493,5785507,100,
67.00,24/03/1959,RR221,1885212,5774469,75.00,
67.00,,RR529,1884948,5774393,75.00,
67.00,,RR572,1884766,5772229,100.00,
67.00,,RR62,1883782,5774940,63.50,
67.00,,RR63,1883912,5774988,63.50,
65.30,13/11/1954,RR137,1885778,5774264,,
65,1/10/1982,68_20,1868619,5711509,100,
65,31/12/1899,68_81,1868877,5713709,100,
64,31/12/1899,68_562,1868720,5711208,100,
64,,72_10218,1865128,5735730,150,
64.00,1/10/2015,BN18-0035,1885282,5773815,100.00,
64.00,,RR3,1884744,5772028,63.50,
64.00,30/06/1960,RR350,1885166,5774154,75.00,
64.00,,RR798,1885292,5774033,100.00,
64.00,,RR798,1885292,5774033,100.00,
63.50,,LR1037,1891171,5776363,100.00,
63.05,10/10/1975,RR730,1885429,5773920,80.00,
63.00,31/08/1998,RR1044,1885039,5774418,100.00,
63.00,25/01/1978,RR779,1883525,5771614,50.00,
62.50,1/08/1962,RR457,1885133,5774278,100.00,
62.50,1/08/1962,RR457,1885133,5774278,100.00,
62.50,3/05/1978,RR787,1884684,5773933,100.00,
62.48,1/10/1984,68_279,1868920,5711209,100,
62.20,23/05/1988,RR5047,1883830,5771061,100.00,
62,31/12/1899,68_39,1869163,5712642,100,
62,13/02/1996,68_545,1869420,5711209,100,
62.00,,BN20-0100,1884161,5774944,100.00,
61.78,1/02/2012,72_5633,1821806,5849415,150,
61,31/12/1899,68_13,1868519,5711809,,
61,28/04/1986,68_255,1869920,5712010,100,
61,2/06/1988,68_319,1868619,5711408,100,
61,1/01/1981,68_34,1869120,5711309,100,
61,31/12/1899,68_43,1869387,5713362,100,
61,31/12/1899,68_92,1869418,5713210,100,
61.00,29/05/2018,BN18-0083,1884756,5772250,150.00,
61.00,,BN18-0090,1884794,5771884,150.00,
61.00,25/10/1961,BN19-0051,1884882,5774300,100.00,
61.00,28/05/2019,BN19-0080,1885015,5769626,150.00,
61.00,,BN20-0091,1884802,5771781,100.00,
61.00,25/11/2019,BN20-0130,1884823,5771912,100.00,
61.00,8/07/2009,RR11534,1885001,5771931,100.00,
61.00,13/04/2012,RR11558,1885131,5771673,150.00,
61.00,,RR17,1885087,5773953,100.00,
61.00,1/09/1941,RR18,1885286,5774127,100.00,
61.00,,RR5064,1883900,5771164,,
61.00,,RR5067,1884173,5772009,,
61.00,,RR566,1884738,5771792,100.00,
60.96,31/12/1899,68_209,1868519,5712009,100,
60.96,1/10/1986,68_275,1868920,5711309,100,
60.96,31/12/1899,68_506,1868719,5711509,75,
60.96,31/12/1899,68_595,1869019,5712209,61,
60.96,31/12/1899,68_607,1869219,5712310,100,
60.96,31/12/1899,68_738,1869820,5711910,100,
60.96,31/12/1899,68_856,1869819,5712210,100,
60.96,27/10/1960,RR404,1885010,5773609,100.00,
60.96,1/04/1963,RR471,1884703,5773821,75.00,
60.90,,BN20-0105,1884880,5774822,100.00,
60.5,,72_5649,1791751,5851435,65,
60,31/12/1899,68_280,1869618,5713311,150,
60,1/01/1980,68_347,1869418,5712810,,
60,31/12/1899,68_461,1869718,5713311,150,
60,31/12/1899,68_534,1869418,5713311,,
60,1/07/1986,68_664,1868619,5711909,100,
60,31/12/1899,68_69,1869018,5712710,100,
60,1/05/1985,68_802,1869819,5712110,100,
60,1/12/1981,68_813,1868805,5710995,100,
60.00,,BN20-0009,1884675,5772010,100.00,
60.00,,BN20-0084,1884643,5772014,,
60.00,,BN21-0053,1884691,5771805,,
60.00,,BN21-0055,1884857,5771787,100.00,
60.00,10/06/2009,RR10660,1884971,5771713,100.00,
60.00,1/12/2011,RR11555,1885128,5771669,150.00,
60.00,,RR5006,1884879,5771775,101.60,
60.00,,RR5036,1884547,5771987,150.00,
60.00,12/08/1988,RR5050,1885005,5772389,76.20,
60.00,,RR5068,1885442,5771631,100.00,
60.00,20/07/1989,RR5070,1884868,5771933,,
60.00,,RR898,1884374,5774937,100.00,
59.40,,RR353,1885068,5773827,75.00,
59.10,,RR335,1885258,5773833,100.00,
59.10,2/05/1964,RR504,1884706,5774282,100.00,
59.00,,RR5014,1884600,5772257,,
58.82,31/12/1899,68_517,1868720,5711208,100,
58.82,,RR783,1884369,5775033,75.00,
58.50,10/03/1955,RR264,1884846,5771856,62.50,
58,26/11/1993,68_541,1868619,5711308,100,
58,7/06/2001,72_512,1849577,5813746,150,
58.00,,RR5012,1884456,5772041,,
57.91,31/12/1899,68_284,1868619,5711308,100,
57.90,17/10/1952,RR134,1885417,5773984,152.40,
57.90,1/09/1980,RR838,1884072,5774783,100.00,
57.50,1/12/1987,RR5025,1885041,5772001,150.00,
57,1/03/1995,64_469,1828865,5829552,100,
57.00,,RR5030,1885000,5771851,,
56.70,12/11/1962,RR446,1885541,5774031,100.00,
56.40,1/11/1975,RR734,1884289,5775032,100.00,
56.30,,BN20-0094,1884100,5774864,50.00,
56,7/04/1992,68_736,1869979,5711680,150,
56.00,,RR5004,1884782,5771743,150.00,
55.8,1/08/1982,63_101,1825172,5869428,100,
55.8,1/08/1982,63_375,1825172,5869428,100,
55.1,,69_13,1793195,5851767,40,
55,1/08/1994,68_543,1869718,5713611,100,
55,1/10/1997,68_918,1864412,5716408,100,
55.00,,BN20-0093,1884831,5771791,100.00,
55.00,16/07/2007,RR10643,1885436,5771637,150.00,
55.00,30/07/2007,RR10644,1885432,5771641,100.00,
55.00,4/11/2010,RR11548,1884213,5771080,100.00,
55.00,11/09/2013,RR12157,1884466,5775007,100.00,
55.00,,RR4001,1911367,5783617,,
55.00,,RR5005,1885040,5772202,100.00,
55.00,,RR5022,1884932,5771713,,
55.00,,RR5031,1884901,5772092,100.00,
55.00,,RR5037,1884682,5772131,,
55.00,,BN-4001,1911487,5783497,,
54.9,31/12/1899,68_408,1868619,5711909,100,
54.9,,72_2188,1828361,5846524,,
54.90,,BN20-0083,1885058,5774353,100.00,
54.90,1/10/1944,RR54,1885571,5773905,75.00,
54.90,9/07/1979,RR819,1884550,5775065,80.00,
54.86,31/12/1899,68_212,1869020,5711309,100,
54.86,31/12/1899,68_325,1868917,5713710,75,
54.86,1/01/1984,68_507,1870224,5712280,100,
54.86,31/12/1899,68_743,1869019,5711609,75,
54.86,1/06/1986,68_773,1868720,5711208,100,
54.86,31/12/1899,68_87,1869698,5713411,100,
54,1/07/1993,68_369,1868214,5716712,100,
54,31/12/1899,68_416,1869518,5713010,100,
54,2/09/2003,72_2665,1869620,5711610,150,
54,9/03/2010,72_4596,1839126,5684066,100,
53.64,31/12/1899,68_659,1868719,5711609,100,
53.64,31/12/1899,68_99,1869618,5713111,54,
53.00,2/03/2021,BN20-0247,1884367,5774890,100.00,
52.7,7/08/2008,72_4408,1873408,5726023,100,
52.00,9/09/2010,LR11544,1891227,5776862,100.00,
51.81,31/12/1899,68_594,1869077,5710938,50,
51.81,1/01/1985,68_690,1870220,5712111,100,
51.80,31/03/1959,RR318,1885072,5774351,75.00,
51.80,27/10/1959,RR319,1884474,5775065,75.00,
51.20,10/04/1966,BN19-0050,1884878,5774267,,
50.70,,RR5019,1883860,5771124,,
50.60,,RR427,1885007,5771204,100.00,
50.1,24/06/2015,72_8179,1835732,5816936,100,
50,1/06/1983,68_240,1869720,5711910,100,
50,1/07/1993,68_624,1869119,5712510,100,
50,25/06/1992,68_824,1870320,5712111,100,
50,,72_6728,1868944,5713586,,
50.00,,BN20-0159,1884550,5772125,100.00,
50.00,,RR5008,1885198,5772256,,
50.00,1/07/1988,RR5042,1885464,5771909,100.00,
50.00,1/07/1988,RR5042,1885464,5771909,100.00,
49.68,31/12/1899,68_597,1869818,5713511,150,
49,31/12/1899,68_469,1868902,5710999,,
49,,72_6732,1869874,5713702,,
48.80,1/05/1962,RR415,1884384,5774912,75.00,
48.80,,RR764,1884120,5774790,,
48.78,5/04/1962,RR422,1884019,5771548,75.00,
48.76,31/12/1899,68_427,1868719,5711609,100,
48.76,31/12/1899,68_483,1868920,5711209,100,
48.76,1/01/1983,68_817,1868819,5711609,100,
48.50,13/04/1988,BN-2048,1896993,5754572,150.00,
48.10,20/05/1959,RR385,1885278,5774045,75.00,
48,1/11/1994,68_167,1870018,5713411,200,
48,1/02/1983,68_571,1870128,5712203,100,
48,1/12/1990,68_765,1868817,5713910,150,
48,,72_6740,1869390,5713496,,
48.00,,BN21-0056,1885142,5774386,75.00,
48.00,6/07/1979,RR20001,1885473,5771950,80.00,
47.50,17/09/1960,RR349,1885155,5774173,100.00,
47.10,11/06/1982,RR862,1884705,5772644,100.00,
46,4/08/1995,68_526,1869918,5713211,150,
46,,72_12340,1868296.61,5712155.78,,
46,,72_6729,1869091,5710871,,
46.00,,BN21-0060,1884780,5771821,100.00,
45.72,31/12/1899,68_208,1869085,5710962,75,
45.72,1/01/1982,68_337,1870257,5712240,100,
45.72,1/01/1982,68_338,1869719,5712010,100,
45.72,1/07/1986,68_496,1868920,5711009,100,
45.72,1/01/1984,68_559,1870246,5712254,46,
45.72,1/10/1986,68_593,1868819,5711509,46,
45.72,1/04/1986,68_679,1869920,5712010,46,
45.72,31/12/1899,68_772,1868919,5712009,46,
45.72,31/12/1899,68_834,1868419,5711809,100,
45.7,,72_2189,1828057,5846247,76,
45.70,,RR5052,1884902,5771753,100.00,
45.41,31/12/1899,68_333,1868424,5711938,100,
45,,68_524,1869020,5711109,,
45,,72_6716,1869728,5713513,,
45,,72_6719,1869517,5713554,,
45,,72_6744,1869057,5712926,,
45.00,,BN20-0063,1884935,5774487,80.00,
45.00,,BN24-0036,1884612,5774077,100.00,
45.00,31/05/2010,RR11541,1884937,5774644,100.00,
45.00,,RR907,1884937,5774650,,
44.8,31/03/1989,68_682,1869020,5710808,125,
44.50,7/08/1978,RR796,1884735,5774858,150.00,
44.19,1/01/1984,68_673,1869120,5711309,100,
44.00,,RR1026,1884359,5774987,,
44.00,1/06/1994,RR2120,1884456,5775073,80.00,
44.00,,RR5046,1884648,5771741,100.00,
43.60,7/12/1961,RR236,1884896,5773951,150.00,
43.00,,RR5061,1884222,5771079,,
42.70,30/05/1962,RR421,1885231,5773594,,
42.67,1/11/1986,68_247,1869819,5712110,100,
42.67,31/12/1899,68_422,1869618,5713911,43,
42.5,1/10/1997,68_919,1868420,5710107,100,
42,13/06/1990,68_192,1868513,5711603,100,
42,12/06/1990,68_561,1868519,5711208,100,
42.00,3/11/1989,BN18-0101,1884955,5772008,100.00,
41.70,1/12/1974,RR713,1884164,5774948,100.00,
40.75,,RR33,1884077,5774783,,
40,1/04/1996,68_298,1868218,5712209,100,
40,12/12/1989,68_473,1868918,5712610,80,
40,29/12/1990,68_549,1868920,5711009,100,
40,1/04/1995,68_554,1869992,5712112,100,
40,1/12/1986,68_598,1870207,5712438,75,
40,,68_617,1839727,5683166,100,
40,9/07/1966,72_2009,1890086,5731552,,
40,29/09/1967,72_2023,1887714,5729841,,
40,1/04/1993,72_2029,1887628,5731071,,
40,,72_6741,1869426,5713514,,
40,,72_6745,1869409,5713547,,
40.00,,BN22-0153,1884828,5772102,100.00,
39.64,3/06/1976,RR742,1884195,5775201,80.00,
39.62,31/12/1899,68_216,1868719,5711309,75,
39.62,31/12/1899,68_261,1869518,5713010,40,
39.60,18/03/1960,RR237,1884783,5773741,100.00,
39.60,7/04/1960,RR299,1884514,5774961,75.00,
39.60,17/12/1960,RR387,1884933,5772346,100.00,
39,21/05/1990,68_343,1868920,5711009,100,
39,21/08/2014,72_6666,1800023,5832761,100,
39.00,,RR5013,1884532,5772102,,
38.40,20/11/1962,LR480,1891133,5776909,75.00,
38.00,20/06/1984,LR904,1891139,5776873,75.00,
38.00,15/07/2012,RR11552,1891162,5776785,100.00,
38.00,,RR5010,1884806,5771813,,
37.80,10/11/1958,RR192,1884935,5774635,87.50,
37.5,1/05/2017,72_10507,1797919,5800306,100,
37,20/12/1993,68_159,1868519,5711709,100,
37.00,,RR909,1884138,5773700,,
36.60,23/07/1957,RR390,1885012,5773915,87.50,
36.60,14/05/1962,RR414,1884842,5774437,100.00,
36.60,1/08/1942,RR5,1884316,5772356,63.50,
36.60,17/05/1955,RR72,1884607,5771905,50.00,
36.60,1/03/1977,RR762,1884753,5771714,100.00,
36.57,1/01/1981,68_419,1870213,5712461,100,
36.57,1/01/1981,68_459,1870191,5712394,100,
36.57,31/12/1899,68_480,1868931,5710942,37,
36.57,31/12/1899,68_486,1868588,5711911,37,
36.57,1/01/1980,68_528,1869820,5712010,100,
36.57,31/12/1899,68_558,1869720,5711810,100,
36.57,28/11/1986,68_588,1869720,5711910,100,
36.57,31/12/1899,68_747,1868619,5711809,37,
36.57,31/12/1899,68_799,1869318,5712810,100,
36.1,,72_3977,1841070,5920690,100,
36,1/08/1994,68_151,1868519,5711609,100,
36,31/12/1899,68_465,1868782,5711037,150,
36,9/01/1996,68_533,1868920,5711209,100,
36,1/10/1994,68_653,1869217,5713711,80,
36,1/01/2019,72_10696,1868226,5712192,200,
36,,72_2970,1868718,5713834,150,
36.00,,BN21-0052,1885036,5771925,,
36.00,,RR1030,1884908,5774510,100.00,
36.00,9/09/2010,RR11546,1891230,5776861,80.00,
35.00,23/10/2018,BN19-0028,1884661,5774844,100.00,
35.00,,BN20-0071,1885016,5771994,200.00,
35.00,,RR5060,1885446,5771866,,
35.00,,RR5066,1884964,5771787,,
34.70,,RR86,1884832,5772397,88.90,
34.50,16/01/2019,BN19-0119,1884330,5775375,100.00,
34.10,1/07/1958,RR340,1884745,5771709,100.00,
33.8,26/08/1997,68_917,1868368,5709992,100,
33.52,31/12/1899,68_314,1868920,5711009,75,
33.52,1/01/1982,68_606,1870216,5712475,100,
33,,72_6742,1869271,5713615,,
33.00,,BN21-0020,1895704,5784270,,
33.00,,RR5058,1884951,5771691,,
32.90,,BN20-0104,1884353,5775358,100.00,
32,,72_6733,1868101,5712338,,
32.00,,BN-4565,1891204,5776848,,
32.00,23/08/1976,RR747,1884764,5774990,80.00,
31.7,1/01/2003,72_1521,1888333,5731063,150,
31.70,1/02/1956,RR381,1884123,5774666,75.00,
31.70,,RR5053,1885563,5772171,,
31.00,,RR1046,1884754,5775032,100.00,
31.00,5/08/2001,RR3684,1884739,5774999,100.00,
30.48,1/01/1981,68_187,1870163,5712156,100,
30.48,31/12/1899,68_464,1870308,5712979,100,
30.48,31/12/1899,68_530,1869319,5712210,30,
30.48,31/12/1899,68_839,1869319,5712210,30,
30.48,29/04/1961,RR400,1884926,5774089,100.00,
30.48,5/08/1958,RR401,1884943,5774174,150.00,
30.48,10/05/1962,RR424,1885214,5772688,100.00,
30.4,29/02/1972,68_77,1870161,5714508,250,
30,31/12/1899,68_306,1870202,5712413,100,
30,,68_400,1868419,5711708,,
30,1/10/1982,72_2026,1887273,5728880,,
30,1/08/2010,72_5152,1869620,5711710,250,
30,,72_6731,1869316,5713227,,
30,,72_6735,1869433,5713344,,
30,,72_6743,1869293,5712170,,
30.00,23/11/2017,BN21-0112,1884417,5775047,55.00,
30.00,,RR11122,1911879,5782327,80.00,
30.00,,RR11123,1910847,5783046,80.00,
30.00,,RR5018,1885372,5772241,,
30.00,,RR5020,1885518,5771895,85.00,
30.00,,RR606,1885453,5772249,75.00,
30.00,,BN-11122,1911879,5782327,80.00,
30.00,,BN-11123,1910847,5783046,80.00,
29.57,17/07/1960,72_9986,1848695,5801638,100,
29.30,,RR5045,1884861,5771726,,
29.30,1/04/1941,RR9,1885187,5772263,63.50,
29,1/01/1980,68_398,1869820,5712010,50,
28.25,31/12/1899,66_2,1889097,5729831,100,
28.2,31/12/1899,72_1520,1887883,5731223,150,
28,,72_12341,1868282.43,5712187.68,,
28,,72_6717,1869595,5713490,100,
27.43,31/12/1899,68_467,1868519,5711609,50,
26.22,17/12/2014,72_8157,1800863,5823127,32,
26.20,,RR326,1884668,5774182,,
25.90,,RR743,1884188,5775038,100.00,
25.70,,RR5075,1884895,5772037,100.00,
25.00,31/03/2011,RR11550,1883964,5774200,200.00,
25.00,,RR5021,1885550,5771887,,
24.7,31/12/1899,68_93,1869070,5720545,100,
24.40,15/12/1960,RR201,1884950,5774394,75.00,
24.40,17/09/1960,RR386,1885285,5774043,100.00,
24.38,31/12/1899,68_246,1868719,5711309,100,
24.38,1/12/1986,68_707,1869819,5712210,100,
24.30,21/11/1960,RR238,1884488,5773003,100.00,
24.30,27/02/1961,RR309,1884717,5774849,75.00,
24,31/12/1899,68_79,1869421,5713838,100,
24,,72_6738,1868654,5711571,,
24.00,,BN19-0087,1884648,5774850,,
22.90,,RR39,1884279,5775160,63.50,
22,1/02/1993,68_403,1839622,5683545,100,
22,1/03/1993,68_412,1868519,5711308,150,
22,13/12/2008,72_4033,1853610,5689569,100,
22,26/06/2012,72_6784,1840028,5682766,150,
21.30,1/05/1943,RR21,1884950,5774550,63.50,
21,1/01/1985,68_237,1869590,5711704,150,
20.57,29/05/1997,72_654,1865510,5718710,,
20.10,,RR15,1885509,5773695,38.10,
20,31/12/1899,68_393,1869218,5713510,50,
20,18/12/1990,68_599,1844631,5682169,100,
20,18/12/1990,68_603,1868519,5711408,100,
20,31/12/1899,68_612,1868918,5712510,,
20,30/07/1991,68_841,1868520,5710908,150,
19.8,12/04/2011,72_6531,1853549,5730518,100,
19.63,15/04/2011,72_5717,1865498,5721479,100,
19.20,,RR660,1884332,5775290,,
18.90,,RR407,1884684,5772970,100.00,
18.90,,RR5024,1884611,5771751,,
18.5,1/04/1995,68_604,1868559,5711378,150,
18.50,,RR5026,1885116,5771524,100.00,
18.28,31/12/1899,68_42,1868519,5711508,100,
18,1/11/1993,68_565,1868120,5710207,65,
16.1,31/12/1899,72_1517,1888002,5731823,50,
16,1/01/1992,66_35,1891564,5742992,100,
15.24,22/03/1961,RR412,1884848,5771880,100.00,
15,3/10/1995,68_135,1868319,5711808,100,
15,8/10/2004,72_2292,1880417,5722328,96,
15.00,19/07/1988,RR5029,1883922,5771263,,
13.71,31/12/1899,68_169,1869920,5712010,14,
13.71,1/01/1987,68_409,1869820,5712010,14,
13,1/04/1994,68_790,1868619,5711208,100,
12.6,31/12/1899,72_1518,1888033,5731713,50,
12.50,7/11/1984,BN23-0019,1884035,5774722,150.00,
12,9/05/1990,68_143,1839527,5683666,100,
12,31/12/1899,68_76,1869619,5712710,150,
11,26/02/2020,72_10786,1790870,5822586,100,
10.5,25/05/2006,72_4800,1868374,5711754,150,
10,31/12/1899,68_453,1868419,5711308,100,
10,,72_6734,1868462,5711395,,
10.00,,RR11124,1911527,5783928,80.00,
10.00,,RR11125,1911496,5783938,80.00,
10.00,,RR11126,1911557,5783958,80.00,
10.00,,BN-11124,1911527,5783928,80.00,
10.00,,BN-11125,1911496,5783938,80.00,
10.00,,BN-11126,1911557,5783958,80.00,
9.14,31/12/1899,68_173,1870119,5712190,9,
9.14,1/07/1975,68_383,1868519,5711508,75,
9.14,1/01/1984,68_716,1870019,5713011,75,
9.10,22/05/1961,RR410,1884876,5771922,100.00,
8.80,1/01/1982,BN22-0072,1885071,5771678,100.00,
8.3,20/09/1993,68_848,1868419,5711308,150,
8,,68_201,1868520,5710908,80,
8,27/03/2008,72_3875,1854474,5899825,100,
8.00,1/01/1982,BN22-0071,1885543,5770847,100.00,
7.62,31/12/1899,68_462,1870227,5712487,50,
7.62,31/12/1899,68_487,1868520,5710908,300,
7.60,,RR207,1884273,5775186,100.00,
7,25/06/1991,68_809,1868619,5711909,100,
6.5,,68_336,1868419,5711408,80,
6,18/04/1989,68_297,1837717,5685366,80,
6,,72_10216,1866059,5735935,900,
6,11/09/1981,72_2035,1888212,5731944,100,
6,,72_2036,1888212,5731944,100,
6.00,27/10/1959,RR320,1885277,5774375,150.00,
5.90,1/01/1982,BN22-0073,1886058,5773035,100.00,
5.48,1/01/1982,68_165,1869918,5713411,600,
5.48,31/12/1899,68_182,1870118,5713311,600,
5,31/12/1899,68_332,1868520,5711008,40,
5,,72_4290,1806963,5879559,500,
4.27,31/12/1899,68_276,1868483,5711505,50,
3.05,31/12/1899,68_508,1869919,5713011,50,
3,14/04/2003,69_2247,1782469,5854099,32,
2.90,1/01/1982,BN22-0070,1884383,5774520,100.00,
1.22,31/12/1899,68_532,1868459,5711348,600,
,,,,,,
,,,,,,
,,,,,,
,,,,,,
,,,,,,
,,,,,,
,,,,,,
,,,,,,
,,,,,,
,,,,,,
,,,,,,
,,,,,,
,,,,,,
,,,,,,
,,,,,,
,,,,,,
,,,,,,
,,,,,,
,,,,,,
,,,,,,
,,,,,,
,,,,,,
,,,,,,
,,,,,,
,,,,,,
,,,,,,
,,,,,,
,,,,,,
,,,,,,
,,,,,,
,,,,,,
,,,,,,
,,,,,,
,,,,,,
,,,,,,
,,,,,,
,,,,,,
,,,,,,
,,,,,,
,,,,,,
,,,,,,
,,,,,,
,,,,,,
,,,,,,
,,,,,,
,,,,,,
,,,,,,
,,,,,,
,,,,,,
,,,,,,
,,,,,,
,,,,,,
,,,,,,
,,,,,,
,,,,,,
,,,,,,
,,,,,,
,,,,,,
,,,,,,
,,,,,,
,,,,,,
,,,,,,
,,,,,,
,,,,,,
,,,,,,
,,,,,,
,,,,,,
,,,,,,
,,,,,,
,,,,,,
,,,,,,
,,,,,,
,,,,,,
,,,,,,
,,,,,,
,,,,,,
,,,,,,
,,,,,,
,,,,,,
,,,,,,
,,,,,,
,,,,,,
,,,,,,
,,,,,,
,,,,,,
,,,,,,
,,,,,,
,,,,,,
,,,,,,
,,,,,,
,,,,,,
,,,,,,
,,,,,,
,,,,,,
,,,,,,
,,,,,,
,,,,,,
,,,,,,
,,,,,,
,,,,,,
,,,,,,
,,,,,,
,,,,,,
,,,,,,
,,,,,,
,,,,,,
,,,,,,
,,,,,,
,,,,,,
,,,,,,
,,,,,,
,,,,,,
,,,,,,
,,,,,,
,,,,,,
,,,,,,
,,,,,,
,,,,,,
,,,,,,
,,,,,,
,,,,,,
,,,,,,
,,,,,,
,,,,,,
,,,,,,
,,,,,,
,,,,,,
,,,,,,
,,,,,,
,,,,,,
,,,,,,
,,,,,,
,,,,,,
,,,,,,
,,,,,,
,,,,,,
,,,,,,
,,,,,,
,,,,,,
,,,,,,
,,,,,,
,,,,,,
,,,,,,
,,,,,,
,,,,,,
,,,,,,
,,,,,,
,,,,,,
,,,,,,
,,,,,,
,,,,,,
,,,,,,
,,,,,,
,,,,,,
,,,,,,
,,,,,,
,,,,,,
,,,,,,
,,,,,,
,,,,,,
,,,,,,
,,,,,,
,,,,,,
,,,,,,
,,,,,,
,,,,,,
,,,,,,
,,,,,,
,,,,,,
,,,,,,
,,,,,,
,,,,,,
,,,,,,
,,,,,,
,,,,,,
,,,,,,
,,,,,,
,,,,,,
,,,,,,
,,,,,,
,,,,,,
,,,,,,
,,,,,,
,,,,,,
,,,,,,
,,,,,,
,,,,,,
,,,,,,
,,,,,,
,,,,,,
,,,,,,
,,,,,,
,,,,,,
,,,,,,
,,,,,,
,,,,,,
,,,,,,
,,,,,,
,,,,,,
,,,,,,
,,,,,,
,,,,,,
,,,,,,
,,,,,,
,,,,,,
,,,,,,
,,,,,,
,,,,,,
,,,,,,
,,,,,,
,,,,,,
,,,,,,
,,,,,,
,,,,,,
,,,,,,
,,,,,,
,,,,,,
,,,,,,
,,,,,,
,,,,,,
,,,,,,
,,,,,,
,,,,,,
,,,,,,
,,,,,,
,,,,,,
,,,,,,
,,,,,,
,,,,,,
,,,,,,
,,,,,,
,,,,,,
,,,,,,
,,,,,,
,,,,,,
,,,,,,
,,,,,,
,,,,,,
,,,,,,
,,,,,,
,,,,,,
,,,,,,
,,,,,,
,,,,,,
,,,,,,
,,,,,,
,,,,,,
,,,,,,
,,,,,,
,,,,,,
,,,,,,
,,,,,,
,,,,,,
,,,,,,
,,,,,,
,,,,,,
,,,,,,
,,,,,,
,,,,,,
,,,,,,
,,,,,,
,,,,,,
,,,,,,
,,,,,,
,,,,,,
,,,,,,
,,,,,,
,,,,,,
,,,,,,
,,,,,,
,,,,,,
,,,,,,
,,,,,,
,,,,,,
,,,,,,
,,,,,,
,,,,,,
,,,,,,
,,,,,,
,,,,,,
,,,,,,
,,,,,,
,,,,,,
,,,,,,
,,,,,,
,,,,,,
,,,,,,
,,,,,,
,,,,,,
,,,,,,
,,,,,,
,,,,,,
,,,,,,
,,,,,,
